"","Species","X","Y"
"1",0,0,0
"3",0.00866524779568323,1.99323502584372,2.94230769230769
"4",0.00866524779568323,3.0031924597142,3.76923076923077
"5",0.00866524779568323,4.92801763453937,7.44230769230769
"6",0.00866524779568323,6.93242626938279,8.40384615384615
"7",0.00866524779568323,8.94778048038917,8.44230769230769
"8",0.00866524779568323,13.9280176345394,8.44230769230769
"9",0.00866524779568323,20.8998935846762,8.48076923076923
