total_viable_counts,,pseudomonas_sp,,yeasts_and_moulds,,enterobacteriaceae,,lactic_acid_bacteria,,total_viable_counts_5%_O2,,pseudomonas_sp_5%_O2,,yeasts_and_moulds_5%_O2,,enterobactericeae_5%_O2,,lactic_acid_bacteria_5%_O2,
X,Y,X,Y,X,Y,X,Y,X,Y,X,Y,X,Y,X,Y,X,Y,X,Y
-7.105427357601002e-15,6.69090909090909,-0.03246753246753542,6.654545454545453,-0.06493506493507084,5.163636363636363,-0.03246753246753542,4.727272727272727,-0.03246753246753542,2.7272727272727266,0.03225806451612456,6.373493975903614,0,6.156626506024093,0,5.506024096385541,0,3.8795180722891587,0.03225806451612456,3.0843373493975896
0.9415584415584348,6.436363636363636,0.9740259740259702,6.436363636363636,0.9415584415584348,5.5272727272727264,0.9415584415584348,4.69090909090909,1.006493506493502,4.436363636363636,0.9677419354838683,6.373493975903614,0.9999999999999964,6.734939759036141,1.0322580645161281,4.638554216867469,0.9999999999999964,5.108433734939759,0.9999999999999964,5
1.980519480519476,7.090909090909089,1.980519480519476,6.327272727272726,1.980519480519476,5.599999999999999,1.980519480519476,6.799999999999999,1.980519480519476,5.999999999999999,2.032258064516128,7.168674698795179,2,7.493975903614455,2,5.6144578313253,1.9677419354838683,5.939759036144579,2,6.3373493975903585
2.9545454545454497,7.090909090909089,2.9545454545454497,6.218181818181817,2.9870129870129816,6.036363636363635,2.9545454545454497,7.345454545454545,2.9545454545454497,7.199999999999999,2.9999999999999964,6.626506024096383,2.9999999999999964,8,2.9677419354838683,5.939759036144579,2.9677419354838683,7.132530120481928,2.9999999999999964,7.7469879518072275
3.928571428571427,7.090909090909089,3.9610389610389554,5.963636363636363,3.9935064935064872,6.218181818181817,3.9935064935064872,7.490909090909089,3.9935064935064872,7.672727272727271,4.032258064516128,8.253012048192769,3.9999999999999964,7.493975903614455,3.9677419354838683,6.445783132530117,3.9999999999999964,7.168674698795179,3.9999999999999964,8
,,,,,,,,,,4.967741935483872,8.578313253012045,4.967741935483872,7.421686746987952,5,5.433734939759034,4.967741935483872,8.216867469879514,5,7.855421686746986
,,,,,,,,,,6.967741935483868,7.9277108433734895,6.967741935483868,7.457831325301203,6.967741935483868,6.08433734939759,6.967741935483868,7.060240963855421,6.93548387096774,7.638554216867469
