"","Species","X","Y"
"1",0,0,0
"3",-0.0142142319443828,2.01031749546119,2.39082495682593
"4",-0.0142142319443828,2.98512155160962,2.32139219767081
"5",-0.0142142319443828,5.06079794535713,2.51587477305938
"6",-0.0142142319443828,7.00907762476199,2.5842447859009
"7",-0.0142142319443828,9.05924810698313,2.75764955940309
"8",-0.0142142319443828,14.0566798033919,7.15830491962981
"9",-0.0142142319443828,21.0985697205863,8.62347783731125
